<?xml version="1.0" encoding="UTF-8"?>
<project-private xmlns="http://www.netbeans.org/ns/project-private/1">
    <editor-bookmarks xmlns="http://www.netbeans.org/ns/editor-bookmarks/2" lastBookmarkId="0"/>
    <open-files xmlns="http://www.netbeans.org/ns/projectui-open-files/2">
        <group>
            <file>file:/C:/xampp/htdocs/ecommerce_uy21/admin/logout.php</file>
            <file>file:/C:/xampp/htdocs/ecommerce_uy21/admin/activate.php</file>
            <file>file:/C:/xampp/htdocs/ecommerce_uy21/admin/register.php</file>
            <file>file:/C:/xampp/htdocs/ecommerce_uy21/admin/dashboard.php</file>
            <file>file:/C:/xampp/htdocs/ecommerce_uy21/admin/index.php</file>
            <file>file:/C:/xampp/htdocs/ecommerce_uy21/vendor/phpmailer/phpmailer/src/PHPMailer.php</file>
            <file>file:/C:/xampp/htdocs/ecommerce_uy21/admin/partials/header.php</file>
        </group>
    </open-files>
</project-private>
